CREATE DATABASE  IF NOT EXISTS bd_no_code;
USE bd_no_code;


CREATE TABLE bd_no_code.Participantes (
	id int NOT NULL,					-- PK
	nombre varchar(100) NOT NULL,
	apellido varchar(100) NOT NULL,
	correo varchar(100) DEFAULT NULL,
	poblacion varchar(255) DEFAULT NULL,
	provincia varchar(255) DEFAULT NULL,
	pais varchar(255) DEFAULT NULL
);


ALTER TABLE bd_no_code.Participantes
ADD CONSTRAINT Participante_PK PRIMARY KEY (id);

ALTER TABLE bd_no_code.Participantes 
CHANGE COLUMN id id INT NOT NULL AUTO_INCREMENT ;



CREATE TABLE bd_no_code.Cursos (
	id int NOT NULL,					-- PK
	nombre varchar(255) NOT NULL,
	fecha datetime NOT NULL,
	duracion int NOT NULL
);


ALTER TABLE bd_no_code.Cursos
ADD CONSTRAINT Curso_PK PRIMARY KEY (id);

ALTER TABLE bd_no_code.Cursos 
CHANGE COLUMN id id INT NOT NULL AUTO_INCREMENT ;



CREATE TABLE bd_no_code.Cursos_Participantes (
  id int NOT NULL,						-- PK
  id_Participante int NOT NULL,			-- FK
  id_Curso int NOT NULL 				-- FK
    					
);

ALTER TABLE bd_no_code.Cursos_Participantes
ADD CONSTRAINT Curso_Participante_PK PRIMARY KEY (id);

ALTER TABLE bd_no_code.Cursos_Participantes 
CHANGE COLUMN id id INT NOT NULL AUTO_INCREMENT ;




ALTER TABLE bd_no_code.Cursos_Participantes 
ADD CONSTRAINT Curso_Participante_Cursos_FK FOREIGN KEY (id_Curso)
REFERENCES bd_no_code.Cursos(id);

ALTER TABLE bd_no_code.Cursos_Participantes 
ADD CONSTRAINT Curso_Participante_Participante_FK FOREIGN KEY (id_Participante)
REFERENCES bd_no_code.Participantes(id);


INSERT INTO bd_no_code.Participantes (
	id,		
	nombre,
	apellido,
	correo,
	poblacion,
	provincia,
	pais
)
		
	VALUES (1,'Rebekah','Johnson','tkelley@example.net','Adrianview','Michigan','Andorra'),
    (2,'Barbara','Williams','radams@example.net','Null','South Dakota','Anguilla'),
    (3,'Jerome','Fox','fullerjustin@example.com','Brandihaven','Arizona','Albania'),
    (4,'Michelle','Gonzalez','wroberts@example.net','Port Jordan','Georgia','Tajikistan'),
    (5,'Jessica','Moreno','matthew69@example.com','North Larry','Null','Cayman Islands'),
    (6,'Erica','Bates','yorkbrad@example.net','Lake Traci','Wyoming','Burundi'),
    (7,'Roberto','Hart','brett11@example.net','Randallburgh','Tennessee','Barbados'),
    (8,'John','Miller','frichards@example.org','Null','Rhode Island','Ukraine'),
    (9,'Roger','Torres','oscar96@example.net','East Seanfort','Null','Uganda'),
    (10,'Maria','Howard','robinsonmatthew@example.com','Patriciaton','Null','Cocos (Keeling) Islands'),
    (11,'Robert','Green','brandi93@example.com','Null','Null','Canada'),
    (12,'Alexander','Olson','ashleyryan@example.com','Francoland','Null','Uganda'),
    (13,'Ryan','Anderson','brianholloway@example.com','North Barbaramouth','Connecticut','Yemen'),
    (14,'Steven','Parks','dannyvazquez@example.com','Null','Null','Pakistan'),
    (15,'Melissa','White','douglas09@example.org','Mooretown','Nebraska','Uganda'),
    (16,'Brian','Merritt','jessicabaker@example.net','Angelicachester','Idaho','Switzerland'),
    (17,'Anthony','Rich','amber71@example.org','Null','South Carolina','Finland'),
    (18,'Adam','Meadows','goodmandiane@example.com','Kendrashire','Washington','Saint Kitts and Nevis'),
    (19,'Lisa','Cooper','ngutierrez@example.com','Null','Null','Latvia'),
    (20,'Gloria','Lee','sfreeman@example.com','Null','Null','Bolivia'),
    (21,'Michael','Watkins','johnsonjeffrey@example.org','Null','Null','Faroe Islands'),
    (22,'Rachel','Olson','rossjennifer@example.com','Null','Tennessee','Iraq'),
    (23,'Gavin','Meyer','william58@example.org','South Andrewchester','Hawaii','Australia'),
    (24,'Michelle','Ellis','stephaniebutler@example.com','New Julieton','Null','Cuba'),
    (25,'William','Diaz','david08@example.org','Null','Missouri','American Samoa'),
    (26,'Jamie','Bauer','henry85@example.net','Judychester','Hawaii','Eritrea'),
    (27,'Caitlyn','Moses','donnalopez@example.com','Null','Louisiana','Bahamas'),
    (28,'Christopher','Houston','okhan@example.com','Null','Null','Antigua and Barbuda'),
    (29,'Jennifer','Park','jonathanstrickland@example.org','Null','Missouri','Switzerland'),
    (30,'Joseph','Davis','kellyfoster@example.org','Null','Null','Christmas Island'),
    (31,'Jose','Weiss','mcgeejoshua@example.net','Null','Oregon','Lithuania'),
    (32,'Keith','Nelson','terri73@example.net','Null','Michigan','Kyrgyz Republic'),
    (33,'Brandon','Smith','jonesjoseph@example.com','Null','Tennessee','Israel'),
    (34,'Jacob','Owens','kmartin@example.net','South Deanna','Oklahoma','Iran'),
    (35,'Brandy','Nguyen','nathancarlson@example.net','Port Rebekah','Null','Falkland Islands (Malvinas)'),
    (36,'Anne','Benson','nathan51@example.org','Joshualand','Null','Nauru'),
    (37,'Zachary','Gonzales','tammy47@example.org','Null','Louisiana','Cuba'),
    (38,'Dennis','Goodwin','lisa02@example.net','North Dalton','Null','Yemen'),
    (39,'Danny','Larson','kathleenfitzgerald@example.org','Null','Missouri','Burkina Faso'),
    (40,'Kristin','Williamson','johnroberson@example.net','South Michael','Null','Bouvet Island (Bouvetoya)'),
    (41,'Caleb','Smith','smithaustin@example.com','Fernandeztown','Null','Kuwait'),
    (42,'Kathleen','Alvarado','darren50@example.net','Null','Florida','South Georgia and the South Sandwich Islands'),
    (43,'Jody','Smith','williamsrobert@example.org','Null','Wyoming','Marshall Islands'),
    (44,'Julia','Herrera','timothymcdowell@example.com','Jamesfort','California','Lesotho'),
    (45,'Melissa','Jones','fmartin@example.com','East David','Rhode Island','Comoros'),
    (46,'Marilyn','Miles','kmartinez@example.org','Null','Nevada','Dominican Republic'),
    (47,'Mark','Douglas','shammond@example.com','Leeberg','Null','Malawi'),
    (48,'Patricia','Gomez','john45@example.org','Null','Kansas','Mauritania'),
    (49,'Dale','Gilmore','collierdebra@example.net','Null','Null','Bahamas'),
    (50,'Kenneth','Russell','steven61@example.org','Mitchellfurt','Wisconsin','Saint Helena'),
    (51,'Brandon','White','whiteshawn@example.org','Null','Null','Lithuania'),
    (52,'Ashley','Miller','dmoses@example.org','Null','Null','United Arab Emirates'),
    (53,'James','Reid','ganderson@example.com','Null','Null','Cocos (Keeling) Islands'),
    (54,'Crystal','Blankenship','pbrown@example.org','Saraberg','Nevada','Norfolk Island'),
    (55,'Corey','Reyes','kathryngarrett@example.net','Null','Null','Cape Verde'),
    (56,'Stephen','Cantrell','smithdavid@example.net','Null','Null','Armenia'),
    (57,'Jonathan','Walters','taylormartin@example.com','Nortonville','Null','British Indian Ocean Territory (Chagos Archipelago)'),
    (58,'Tonya','Travis','amy81@example.org','Sierramouth','Null','Mali'),
    (59,'Eric','Robinson','igriffin@example.org','New Joseph','Hawaii','Albania'),
    (60,'Timothy','Davis','richardandrews@example.org','Null','Arizona','Western Sahara'),
    (61,'Ana','Campos','mayraymond@example.com','West Joeport','Null','Belize'),
    (62,'Mitchell','White','rwang@example.net','Sonyaton','North Carolina','Reunion'),
    (63,'Brandon','Cook','kgill@example.org','New Connor','Tennessee','Uruguay'),
    (64,'Trevor','Potter','jennifer83@example.org','Null','Null','United States Virgin Islands'),
    (65,'Latoya','Smith','alexanderheidi@example.net','Lake Tammy','Null','Zambia'),
    (66,'Vanessa','Nelson','aliciabaker@example.com','Null','Null','Mexico'),
    (67,'Randy','Mason','allenmeredith@example.org','Null','Null','Sierra Leone'),
    (68,'Jesus','Mathis','kathy40@example.org','Jonathanport','Null','Botswana'),
    (69,'Dan','Salinas','matthew49@example.com','Dunnmouth','Montana','Lithuania'),
    (70,'Sarah','Lawrence','amyjohnston@example.com','South Meghanmouth','Pennsylvania','Northern Mariana Islands'),
    (71,'Renee','Delacruz','kylie00@example.net','Nguyenview','New Hampshire','Eritrea'),
    (72,'Kathryn','Garcia','hebertchad@example.com','Null','North Carolina','Seychelles'),
    (73,'Nicole','Harris','owashington@example.org','Shawfurt','Indiana','Tajikistan'),
    (74,'Pam','Mann','uwilliams@example.com','Port Ann','Kansas','Bahrain'),
    (75,'Misty','Tran','williamskarl@example.org','Null','Null','Saint Helena'),
    (76,'Darius','Meadows','elizabethpowers@example.net','Null','Arizona','North Macedonia'),
    (77,'Patrick','Simon','dannyolson@example.org','South Tyler','Arizona','Bahamas'),
    (78,'Anthony','Orr','hannahmyers@example.net','Null','Null','Serbia'),
    (79,'Anthony','Page','ureed@example.net','Null','Null','Bahamas'),
    (80,'Connie','Vargas','michaelbrown@example.com','Null','Null','Sweden'),
    (81,'Dylan','Carter','michael15@example.net','Null','Null','Denmark'),
    (82,'Shannon','Patrick','sabrina59@example.com','West Robertfurt','Wyoming','Macao'),
    (83,'Lindsey','Brown','smartinez@example.org','West Brandonberg','Null','Zambia'),
    (84,'Christina','Perez','gcox@example.net','Lake Bryanport','Null','Grenada'),
    (85,'Elizabeth','Clarke','harveychristopher@example.com','Blackburnside','Null','Monaco'),
    (86,'Bryan','Spencer','nicholas22@example.org','Lake Alfredfurt','Null','Martinique'),
    (87,'Rebekah','Johnson','tkelley@example.net','Adrianview','Michigan','Andorra'),
    (88,'Barbara','Williams','radams@example.net','Null','South Dakota','Anguilla'),
    (89,'Jerome','Fox','fullerjustin@example.com','Brandihaven','Arizona','Albania'),
    (90,'Michelle','Gonzalez','wroberts@example.net','Port Jordan','Georgia','Tajikistan'),
    (91,'Jessica','Moreno','matthew69@example.com','North Larry','Null','Cayman Islands'),
    (92,'Erica','Bates','yorkbrad@example.net','Lake Traci','Wyoming','Burundi'),
    (93,'Roberto','Hart','brett11@example.net','Randallburgh','Tennessee','Barbados'),
    (94,'John','Miller','frichards@example.org','Null','Rhode Island','Ukraine'),
    (95,'Roger','Torres','oscar96@example.net','East Seanfort','Null','Uganda'),
    (96,'Maria','Howard','robinsonmatthew@example.com','Patriciaton','Null','Cocos (Keeling) Islands'),
    (97,'Robert','Green','brandi93@example.com','Null','Null','Canada'),
    (98,'Alexander','Olson','ashleyryan@example.com','Francoland','Null','Uganda'),
    (99,'Ryan','Anderson','brianholloway@example.com','North Barbaramouth','Connecticut','Yemen'),
    (100,'Steven','Parks','dannyvazquez@example.com','Null','Null','Pakistan'),
    (101,'Melissa','White','douglas09@example.org','Mooretown','Nebraska','Uganda'),
    (102,'Brian','Merritt','jessicabaker@example.net','Angelicachester','Idaho','Switzerland'),
    (103,'Anthony','Rich','amber71@example.org','Null','South Carolina','Finland'),
    (104,'Adam','Meadows','goodmandiane@example.com','Kendrashire','Washington','Saint Kitts and Nevis'),
    (105,'Lisa','Cooper','ngutierrez@example.com','Null','Null','Latvia'),
    (106,'Gloria','Lee','sfreeman@example.com','Null','Null','Bolivia'),
    (107,'Michael','Watkins','johnsonjeffrey@example.org','Null','Null','Faroe Islands'),
    (108,'Rachel','Olson','rossjennifer@example.com','Null','Tennessee','Iraq'),
    (109,'Gavin','Meyer','william58@example.org','South Andrewchester','Hawaii','Australia'),
    (110,'Michelle','Ellis','stephaniebutler@example.com','New Julieton','Null','Cuba'),
    (111,'William','Diaz','david08@example.org','Null','Missouri','American Samoa'),
    (112,'Jamie','Bauer','henry85@example.net','Judychester','Hawaii','Eritrea'),
    (113,'Caitlyn','Moses','donnalopez@example.com','Null','Louisiana','Bahamas'),
    (114,'Christopher','Houston','okhan@example.com','Null','Null','Antigua and Barbuda'),
    (115,'Jennifer','Park','jonathanstrickland@example.org','Null','Missouri','Switzerland'),
    (116,'Joseph','Davis','kellyfoster@example.org','Null','Null','Christmas Island'),
    (117,'Jose','Weiss','mcgeejoshua@example.net','Null','Oregon','Lithuania'),
    (118,'Keith','Nelson','terri73@example.net','Null','Michigan','Kyrgyz Republic'),
    (119,'Brandon','Smith','jonesjoseph@example.com','Null','Tennessee','Israel'),
    (120,'Jacob','Owens','kmartin@example.net','South Deanna','Oklahoma','Iran'),
    (121,'Brandy','Nguyen','nathancarlson@example.net','Port Rebekah','Null','Falkland Islands (Malvinas)'),
    (122,'Anne','Benson','nathan51@example.org','Joshualand','Null','Nauru'),
    (123,'Zachary','Gonzales','tammy47@example.org','Null','Louisiana','Cuba'),
    (124,'Dennis','Goodwin','lisa02@example.net','North Dalton','Null','Yemen'),
    (125,'Danny','Larson','kathleenfitzgerald@example.org','Null','Missouri','Burkina Faso'),
    (126,'Kristin','Williamson','johnroberson@example.net','South Michael','Null','Bouvet Island (Bouvetoya)'),
    (127,'Caleb','Smith','smithaustin@example.com','Fernandeztown','Null','Kuwait'),
    (128,'Kathleen','Alvarado','darren50@example.net','Null','Florida','South Georgia and the South Sandwich Islands'),
    (129,'Jody','Smith','williamsrobert@example.org','Null','Wyoming','Marshall Islands'),
    (130,'Julia','Herrera','timothymcdowell@example.com','Jamesfort','California','Lesotho'),
    (131,'Melissa','Jones','fmartin@example.com','East David','Rhode Island','Comoros'),
    (132,'Marilyn','Miles','kmartinez@example.org','Null','Nevada','Dominican Republic'),
    (133,'Mark','Douglas','shammond@example.com','Leeberg','Null','Malawi'),
    (134,'Patricia','Gomez','john45@example.org','Null','Kansas','Mauritania'),
    (135,'Dale','Gilmore','collierdebra@example.net','Null','Null','Bahamas'),
    (136,'Kenneth','Russell','steven61@example.org','Mitchellfurt','Wisconsin','Saint Helena'),
    (137,'Brandon','White','whiteshawn@example.org','Null','Null','Lithuania'),
    (138,'Ashley','Miller','dmoses@example.org','Null','Null','United Arab Emirates'),
    (139,'James','Reid','ganderson@example.com','Null','Null','Cocos (Keeling) Islands'),
    (140,'Crystal','Blankenship','pbrown@example.org','Saraberg','Nevada','Norfolk Island'),
    (141,'Corey','Reyes','kathryngarrett@example.net','Null','Null','Cape Verde'),
    (142,'Stephen','Cantrell','smithdavid@example.net','Null','Null','Armenia'),
    (143,'Jonathan','Walters','taylormartin@example.com','Nortonville','Null','British Indian Ocean Territory (Chagos Archipelago)'),
    (144,'Tonya','Travis','amy81@example.org','Sierramouth','Null','Mali'),
    (145,'Eric','Robinson','igriffin@example.org','New Joseph','Hawaii','Albania'),
    (146,'Timothy','Davis','richardandrews@example.org','Null','Arizona','Western Sahara'),
    (147,'Ana','Campos','mayraymond@example.com','West Joeport','Null','Belize'),
    (148,'Mitchell','White','rwang@example.net','Sonyaton','North Carolina','Reunion'),
    (149,'Brandon','Cook','kgill@example.org','New Connor','Tennessee','Uruguay'),
    (150,'Trevor','Potter','jennifer83@example.org','Null','Null','United States Virgin Islands'),
    (151,'Latoya','Smith','alexanderheidi@example.net','Lake Tammy','Null','Zambia'),
    (152,'Vanessa','Nelson','aliciabaker@example.com','Null','Null','Mexico'),
    (153,'Randy','Mason','allenmeredith@example.org','Null','Null','Sierra Leone'),
    (154,'Jesus','Mathis','kathy40@example.org','Jonathanport','Null','Botswana'),
    (155,'Dan','Salinas','matthew49@example.com','Dunnmouth','Montana','Lithuania'),
    (156,'Sarah','Lawrence','amyjohnston@example.com','South Meghanmouth','Pennsylvania','Northern Mariana Islands'),
    (157,'Renee','Delacruz','kylie00@example.net','Nguyenview','New Hampshire','Eritrea'),
    (158,'Kathryn','Garcia','hebertchad@example.com','Null','North Carolina','Seychelles'),
    (159,'Nicole','Harris','owashington@example.org','Shawfurt','Indiana','Tajikistan'),
    (160,'Pam','Mann','uwilliams@example.com','Port Ann','Kansas','Bahrain'),
    (161,'Misty','Tran','williamskarl@example.org','Null','Null','Saint Helena'),
    (162,'Darius','Meadows','elizabethpowers@example.net','Null','Arizona','North Macedonia'),
    (163,'Patrick','Simon','dannyolson@example.org','South Tyler','Arizona','Bahamas'),
    (164,'Anthony','Orr','hannahmyers@example.net','Null','Null','Serbia'),
    (165,'Anthony','Page','ureed@example.net','Null','Null','Bahamas'),
    (166,'Connie','Vargas','michaelbrown@example.com','Null','Null','Sweden'),
    (167,'Dylan','Carter','michael15@example.net','Null','Null','Denmark'),
    (168,'Shannon','Patrick','sabrina59@example.com','West Robertfurt','Wyoming','Macao'),
    (169,'Lindsey','Brown','smartinez@example.org','West Brandonberg','Null','Zambia'),
    (170,'Christina','Perez','gcox@example.net','Lake Bryanport','Null','Grenada'),
    (171,'Elizabeth','Clarke','harveychristopher@example.com','Blackburnside','Null','Monaco'),
    (172,'Bryan','Spencer','nicholas22@example.org','Lake Alfredfurt','Null','Martinique'),
    (173,'Randy','Mason','allenmeredith@example.org','Null','Null','Sierra Leone'),
    (174,'Connie','Vargas','michaelbrown@example.com','Null','Null','Sweden'),
    (175,'Michelle','Gonzalez','wroberts@example.net','Port Jordan','Georgia','Tajikistan'),
    (176,'Jennifer','Diaz','darrenbowers@example.net','Null','Wyoming','Morocco'),
    (177,'Kenneth','Russell','steven61@example.org','Mitchellfurt','Wisconsin','Saint Helena'),
    (178,'Roger','Torres','oscar96@example.net','East Seanfort','Null','Uganda'),
    (179,'Luke','Price','rhondawilliams@example.com','Null','Null','Albania'),
    (180,'Edward','Palmer','qwhite@example.net','Rebekahtown','Kentucky','Bulgaria'),
    (181,'Kristi','Berry','lisa39@example.com','Null','Rhode Island','Mongolia'),
    (182,'Thomas','Perez','isampson@example.org','Silvamouth','Washington','Uruguay'),
    (183,'Angel','Hernandez','david55@example.com','Xavierhaven','Null','Swaziland'),
    (184,'Lauren','Craig','jamiejohnson@example.org','Null','Massachusetts','Hungary'),
    (185,'Anthony','Taylor','smitheric@example.org','Danielleview','Nevada','Madagascar'),
    (186,'Timothy','Davis','richardandrews@example.org','Null','Arizona','Western Sahara'),
    (187,'Adrian','Vasquez','fholmes@example.org','South Tammyland','Null','Czech Republic'),
    (188,'Jonathan','Walters','taylormartin@example.com','Nortonville','Null','British Indian Ocean Territory (Chagos Archipelago)'),
    (189,'Danny','Larson','kathleenfitzgerald@example.org','Null','Missouri','Burkina Faso'),
    (190,'Erica','Bates','yorkbrad@example.net','Lake Traci','Wyoming','Burundi'),
    (191,'Priscilla','Russell','michellethompson@example.net','East Heather','Kentucky','Croatia'),
    (192,'Anthony','Page','ureed@example.net','Null','Null','Bahamas'),
    (193,'Maria','Reed','jacksonjennifer@example.com','Null','Null','Belize'),
    (194,'Benjamin','Frost','daniel51@example.net','Null','Mississippi','Dominican Republic'),
    (195,'Rebecca','Conway','danawinters@example.org','Port Tina','Null','Comoros'),
    (196,'Christina','Perez','gcox@example.net','Lake Bryanport','Null','Grenada'),
    (197,'Christopher','Rodriguez','sethsingh@example.net','Null','Texas','Tanzania'),
    (198,'Luis','Luna','wyattfrank@example.net','Null','Null','Netherlands'),
    (199,'Patrick','Simon','dannyolson@example.org','South Tyler','Arizona','Bahamas'),
    (200,'Jesus','Mathis','kathy40@example.org','Jonathanport','Null','Botswana'),
    (201,'Jessica','Giles','elizabethpearson@example.org','Null','Null','Togo'),
    (202,'Eric','Shaffer','rhonda20@example.org','Null','Colorado','Denmark'),
    (203,'Haley','Davis','pottsdonald@example.com','North Jonathanfort','Utah','Fiji'),
    (204,'Brandon','Smith','jonesjoseph@example.com','Null','Tennessee','Israel'),
    (205,'Pam','Mann','uwilliams@example.com','Port Ann','Kansas','Bahrain'),
    (206,'Ana','Campos','mayraymond@example.com','West Joeport','Null','Belize'),
    (207,'Melissa','Jones','michaelmiller@example.com','Johnsonville','Michigan','Cameroon'),
    (208,'Sarah','Lawrence','amyjohnston@example.com','South Meghanmouth','Pennsylvania','Northern Mariana Islands'),
    (209,'Donald','Rivera','michaelfriedman@example.com','Edwardland','Null','Burundi'),
    (210,'Jerry','Carter','jocelyn50@example.org','Null','Null','Jamaica'),
    (211,'Dawn','Richardson','ramirezdustin@example.org','Null','New York','Sierra Leone'),
    (212,'Larry','Bolton','enguyen@example.org','Lake Rebecca','Null','Sri Lanka'),
    (213,'Shannon','Patrick','sabrina59@example.com','West Robertfurt','Wyoming','Macao'),
    (214,'Jonathan','Atkins','tammie48@example.org','Clarkstad','Null','Belarus'),
    (215,'Tyrone','Tran','melanie41@example.net','Brandonstad','Null','Portugal'),
    (216,'Tanner','Brown','barronjeffrey@example.net','Null','Minnesota','Nicaragua'),
    (217,'Patricia','Gomez','john45@example.org','Null','Kansas','Mauritania'),
    (218,'Kristen','Harris','brockaaron@example.com','South Gloria','Minnesota','Tonga'),
    (219,'Deborah','Reynolds','brooke40@example.org','Null','Null','Netherlands'),
    (220,'Jason','Flores','owenssarah@example.com','Harveychester','Indiana','Cape Verde'),
    (221,'William','Hernandez','fvelez@example.net','Chaseview','Indiana','Gambia'),
    (222,'Joseph','Davis','kellyfoster@example.org','Null','Null','Christmas Island'),
    (223,'Adam','Meadows','goodmandiane@example.com','Kendrashire','Washington','Saint Kitts and Nevis'),
    (224,'Ashley','Norman','jessica78@example.org','Null','Null','Gambia'),
    (225,'Meghan','Santos','sherri35@example.org','Null','Null','Brunei Darussalam'),
    (226,'Anthony','Orr','hannahmyers@example.net','Null','Null','Serbia'),
    (227,'Jody','Smith','williamsrobert@example.org','Null','Wyoming','Marshall Islands'),
    (228,'Jason','Hurley','allison15@example.net','Null','Nebraska','Azerbaijan'),
    (229,'Valerie','Hoover','sharongarcia@example.net','Alexberg','South Carolina','Mexico'),
    (230,'Gavin','Meyer','william58@example.org','South Andrewchester','Hawaii','Australia'),
    (231,'Michael','Sanchez','melissaramirez@example.com','Null','California','Mauritania'),
    (232,'Susan','Luna','fmiller@example.net','Null','Null','Libyan Arab Jamahiriya'),
    (233,'Misty','Smith','ismith@example.com','Williamsstad','Null','Somalia'),
    (234,'Elizabeth','Clarke','harveychristopher@example.com','Blackburnside','Null','Monaco'),
    (235,'Michael','Watkins','johnsonjeffrey@example.org','Null','Null','Faroe Islands'),
    (236,'Dan','Salinas','matthew49@example.com','Dunnmouth','Montana','Lithuania'),
    (237,'Caleb','Smith','smithaustin@example.com','Fernandeztown','Null','Kuwait'),
    (238,'William','Wong','brianna85@example.net','Null','Null','Dominica'),
    (239,'Brian','Merritt','jessicabaker@example.net','Angelicachester','Idaho','Switzerland'),
    (240,'Angela','Arnold','rpham@example.org','Pamelachester','Null','Czech Republic'),
    (241,'Melissa','Jones','fmartin@example.com','East David','Rhode Island','Comoros'),
    (242,'Timothy','Morris','amandathomas@example.com','Null','Minnesota','Angola'),
    (243,'Kimberly','Ballard','waltoncody@example.com','Calebport','Null','Sierra Leone'),
    (244,'Roberto','Hart','brett11@example.net','Randallburgh','Tennessee','Barbados'),
    (245,'Chelsea','Shaffer','cparker@example.com','Null','Null','Cocos (Keeling) Islands'),
    (246,'Amy','Coleman','bauermatthew@example.com','Null','New Hampshire','Norway'),
    (247,'Melissa','White','douglas09@example.org','Mooretown','Nebraska','Uganda'),
    (248,'Eric','Robinson','igriffin@example.org','New Joseph','Hawaii','Albania'),
    (249,'Stephen','Cantrell','smithdavid@example.net','Null','Null','Armenia'),
    (250,'Julia','Herrera','timothymcdowell@example.com','Jamesfort','California','Lesotho'),
    (251,'Maria','Petersen','johnsonjoshua@example.org','South Darlenemouth','Null','Hungary'),
    (252,'Anthony','Rich','amber71@example.org','Null','South Carolina','Finland'),
    (253,'Casey','Li','kbowman@example.com','East Betty','Null','Guernsey'),
    (254,'Nathan','Garner','amanda24@example.com','Null','Null','Maldives'),
    (255,'Jessica','Smith','millerrobert@example.com','Port Sara','Idaho','Bahamas'),
    (256,'Melissa','Vega','rushkevin@example.net','Null','Hawaii','Bahrain'),
    (257,'Jamie','Bauer','henry85@example.net','Judychester','Hawaii','Eritrea'),
    (258,'Melissa','Nelson','michelle15@example.org','Null','Georgia','Cameroon'),
    (259,'Rachel','Olson','rossjennifer@example.com','Null','Tennessee','Iraq'),
    (260,'Keith','Nelson','terri73@example.net','Null','Michigan','Kyrgyz Republic'),
    (261,'Barbara','Williams','radams@example.net','Null','South Dakota','Anguilla'),
    (262,'Vanessa','Nelson','aliciabaker@example.com','Null','Null','Mexico'),
    (263,'Renee','Delacruz','kylie00@example.net','Nguyenview','New Hampshire','Eritrea'),
    (264,'James','Woods','mercadojoel@example.org','Montgomerymouth','Null','French Guiana'),
    (265,'Christopher','Houston','okhan@example.com','Null','Null','Antigua and Barbuda'),
    (266,'Brandy','Nguyen','nathancarlson@example.net','Port Rebekah','Null','Falkland Islands (Malvinas)'),
    (267,'Paula','Turner','valeriethompson@example.net','Ericaborough','Null','Syrian Arab Republic'),
    (268,'Sandra','Chang','fboyd@example.net','West Donaldtown','Idaho','Nauru'),
    (269,'Amanda','Lam','hernandezangela@example.com','East John','West Virginia','Cayman Islands'),
    (270,'Gloria','Lee','sfreeman@example.com','Null','Null','Bolivia'),
    (271,'Jessica','Garcia','owalker@example.com','Greenton','Pennsylvania','Timor-Leste');
    
INSERT INTO bd_no_code.Cursos 
	VALUES (1,'Estrategias Avanzadas de Ciberseguridad en 2024','2024-02-05 00:00:00',6),
			(2,'Desarrollo Web Moderno: Tendencias y Tecnologías','2024-01-24 00:00:00',5),
            (3,'Fundamentos de Python para Principiantes','2023-12-15 00:00:00',4);

INSERT INTO bd_no_code.Cursos_Participantes 
	VALUES (1,1,1),
			(2,2,1),
            (3,3,1),
            (4,4,1),
            (5,5,1),
            (6,6,1),
            (7,7,1),
            (8,8,1),
            (9,9,1),
            (10,10,1),
            (11,11,1),
            (12,12,1),
            (13,13,1),
            (14,14,1),
            (15,15,1),
            (16,16,1),
            (17,17,1),
            (18,18,1),
            (19,19,1),
            (20,20,1),
            (21,21,1),
            (22,22,1),
            (23,23,1),
            (24,24,1),
            (25,25,1),
            (26,26,1),
            (27,27,1),
            (28,28,1),
            (29,29,1),
            (30,30,1),
            (31,31,1),
            (32,32,1),
            (33,33,1),
            (34,34,1),
            (35,35,1),
            (36,36,1),
            (37,37,1),
            (38,38,1),
            (39,39,1),
            (40,40,1),
            (41,41,1),
            (42,42,1),
            (43,43,1),
            (44,44,1),
            (45,45,1),
            (46,46,1),
            (47,47,1),
            (48,48,1),
            (49,49,1),
            (50,50,1),
            (51,51,1),
            (52,52,1),
            (53,53,1),
            (54,54,1),
            (55,55,1),
            (56,56,1),
            (57,57,1),
            (58,58,1),
            (59,59,1),
            (60,60,1),
            (61,61,1),
            (62,62,1),
            (63,63,1),
            (64,64,1),
            (65,65,1),
            (66,66,1),
            (67,67,1),
            (68,68,1),
            (69,69,1),
            (70,70,1),
            (71,71,1),
            (72,72,1),
            (73,73,1),
            (74,74,1),
            (75,75,1),
            (76,76,1),
            (77,77,1),
            (78,78,1),
            (79,79,1),
            (80,80,1),
            (81,81,1),
            (82,82,1),
            (83,83,1),
            (84,84,1),
            (85,85,1),
            (86,86,1),
            (87,87,2),
            (88,88,2),
            (89,89,2),
            (90,90,2),
            (91,91,2),
            (92,92,2),
            (93,93,2),
            (94,94,2),
            (95,95,2),
            (96,96,2),
            (97,97,2),
            (98,98,2),
            (99,99,2),
            (100,100,2),
            (101,101,2),
            (102,102,2),
            (103,103,2),
            (104,104,2),
            (105,105,2),
            (106,106,2),
            (107,107,2),
            (108,108,2),
            (109,109,2),
            (110,110,2),
            (111,111,2),
            (112,112,2),
            (113,113,2),
            (114,114,2),
            (115,115,2),
            (116,116,2),
            (117,117,2),
            (118,118,2),
            (119,119,2),
            (120,120,2),
            (121,121,2),
            (122,122,2),
            (123,123,2),
            (124,124,2),
            (125,125,2),
            (126,126,2),
            (127,127,2),
            (128,128,2),
            (129,129,2),
            (130,130,2),
            (131,131,2),
            (132,132,2),
            (133,133,2),
            (134,134,2),
            (135,135,2),
            (136,136,2),
            (137,137,2),
            (138,138,2),
            (139,139,2),
            (140,140,2),
            (141,141,2),
            (142,142,2),
            (143,143,2),
            (144,144,2),
            (145,145,2),
            (146,146,2),
            (147,147,2),
            (148,148,2),
            (149,149,2),
            (150,150,2),
            (151,151,2),
            (152,152,2),
            (153,153,2),
            (154,154,2),
            (155,155,2),
            (156,156,2),
            (157,157,2),
            (158,158,2),
            (159,159,2),
            (160,160,2),
            (161,161,2),
            (162,162,2),
            (163,163,2),
            (164,164,2),
            (165,165,2),
            (166,166,2),
            (167,167,2),
            (168,168,2),
            (169,169,2),
            (170,170,2),
            (171,171,2),
            (172,172,2),
            (173,173,3),
            (174,174,3),
            (175,175,3),
            (176,176,3),
            (177,177,3),
            (178,178,3),
            (179,179,3),
            (180,180,3),
            (181,181,3),
            (182,182,3),
            (183,183,3),
            (184,184,3),
            (185,185,3),
            (186,186,3),
            (187,187,3),
            (188,188,3),
            (189,189,3),
            (190,190,3),
            (191,191,3),
            (192,192,3),
            (193,193,3),
            (194,194,3),
            (195,195,3),
            (196,196,3),
            (197,197,3),
            (198,198,3),
            (199,199,3),
            (200,200,3),
            (201,201,3),
            (202,202,3),
            (203,203,3),
            (204,204,3),
            (205,205,3),
            (206,206,3),
            (207,207,3),
            (208,208,3),
            (209,209,3),
            (210,210,3),
            (211,211,3),
            (212,212,3),
            (213,213,3),
            (214,214,3),
            (215,215,3),
            (216,216,3),
            (217,217,3),
            (218,218,3),
            (219,219,3),
            (220,220,3),
            (221,221,3),
            (222,222,3),
            (223,223,3),
            (224,224,3),
            (225,225,3),
            (226,226,3),
            (227,227,3),
            (228,228,3),
            (229,229,3),
            (230,230,3),
            (231,231,3),
            (232,232,3),
            (233,233,3),
            (234,234,3),
            (235,235,3),
            (236,236,3),
            (237,237,3),
            (238,238,3),
            (239,239,3),
            (240,240,3),
            (241,241,3),
            (242,242,3),
            (243,243,3),
            (244,244,3),
            (245,245,3),
            (246,246,3),
            (247,247,3),
            (248,248,3),
            (249,249,3),
            (250,250,3),
            (251,251,3),
            (252,252,3),
            (253,253,3),
            (254,254,3),
            (255,255,3),
            (256,256,3),
            (257,257,3),
            (258,258,3),
            (259,259,3),
            (260,260,3),
            (261,261,3),
            (262,262,3),
            (263,263,3),
            (264,264,3),
            (265,265,3),
            (266,266,3),
            (267,267,3),
            (268,268,3),
            (269,269,3),
            (270,270,3),
            (271,271,3);



